"","freq","freq_rank"
"83512",0.114665269851685,83512
"101601",0.822176039218903,101601
"87301",0.15260323882103,87301
